difficulty,score
easy,36.95672869682312
medium,1000
hard,25.171309232711792
